Airport Code,City Name,State Name,Average Fare ($),Inflation Adjusted Average Fare ($) (Base Year: 2022),Year
LAX,Los Angeles,CA,370.01,522.25,2007
ORD,Chicago-O'Hare,IL,326.17,460.38,2007
DEN,Denver,CO,316.79,447.14,2007
ATL,Atlanta,GA,357.78,505.0,2007
EWR,Newark,NJ,379.98,536.32,2007
BOS,Boston,MA,354.64,500.56,2007
SEA,Seattle,WA,354.13,499.84,2007
MCO,Orlando,FL,253.0,357.09,2007
DFW,Dallas-DFW,TX,364.99,515.17,2007
PHX,Phoenix,AZ,283.19,399.72,2007
SFO,San Francisco,CA,428.03,604.14,2007
JFK,New York-JFK,NY,341.67,482.25,2007
LAS,Las Vegas,NV,244.14,344.59,2007
LGA,New York-La Guardia,NY,320.24,452.01,2007
MSP,Minneapolis,MN,364.65,514.69,2007
PHL,Philadelphia,PA,313.27,442.16,2007
IAH,Houston-Intercontinental,TX,379.14,535.15,2007
SAN,San Diego,CA,312.15,440.58,2007
DTW,Detroit,MI,307.29,433.72,2007
FLL,Fort Lauderdale,FL,253.87,358.32,2007
DCA,Washington-Reagan National,DC,362.37,511.47,2007
TPA,Tampa,FL,268.74,379.32,2007
MIA,Miami,FL,326.71,461.13,2007
AUS,Austin,TX,342.24,483.06,2007
BWI,Baltimore,MD,266.48,376.13,2007
PDX,Portland,OR,331.94,468.52,2007
SLC,Salt Lake City,UT,338.7,478.06,2007
BNA,Nashville,TN,292.25,412.5,2007
CLT,Charlotte,NC,361.61,510.4,2007
SMF,Sacramento,CA,286.67,404.63,2007
RDU,Raleigh/Durham,NC,302.73,427.28,2007
MDW,Chicago-Midway,IL,224.27,316.54,2007
HNL,Honolulu,HI,247.48,349.31,2007
STL,St. Louis,MO,313.14,441.99,2007
SJC,San Jose,CA,275.76,389.22,2007
OAK,Oakland,CA,256.05,361.41,2007
DAL,Dallas-Love Field,TX,197.33,278.52,2007
SNA,Santa Ana,CA,324.82,458.47,2007
MCI,Kansas City,MO,286.4,404.24,2007
MSY,New Orleans,LA,303.21,427.97,2007
CLE,Cleveland,OH,336.25,474.6,2007
IAD,Washington-Dulles,DC,384.14,542.2,2007
IND,Indianapolis,IN,305.16,430.72,2007
SJU,San Juan,PR,305.84,431.68,2007
SAT,San Antonio,TX,331.41,467.77,2007
PIT,Pittsburgh,PA,294.89,416.23,2007
CVG,Cincinnati,OH,554.83,783.12,2007
CMH,Columbus,OH,294.02,415.0,2007
HOU,Houston-Hobby,TX,239.02,337.37,2007
RSW,Fort Myers,FL,260.59,367.81,2007
BDL,Hartford,CT,365.74,516.22,2007
ONT,Ontario,CA,282.54,398.79,2007
JAX,Jacksonville,FL,297.29,419.61,2007
MKE,Milwaukee,WI,331.01,467.21,2007
BUR,Burbank,CA,245.51,346.52,2007
PBI,West Palm Beach/Palm Beach,FL,272.04,383.98,2007
OMA,Omaha,NE,316.92,447.32,2007
MEM,Memphis,TN,388.19,547.91,2007
RIC,Richmond,VA,352.38,497.37,2007
BOI,Boise,ID,299.55,422.81,2007
CHS,Charleston,SC,408.96,577.23,2007
BUF,Buffalo,NY,261.03,368.43,2007
ORF,Norfolk,VA,358.3,505.73,2007
ABQ,Albuquerque,NM,310.53,438.3,2007
OGG,Kahului,HI,178.65,252.16,2007
ELP,El Paso,TX,300.52,424.17,2007
GRR,Grand Rapids,MI,420.68,593.77,2007
OKC,Oklahoma City,OK,340.42,480.49,2007
SDF,Louisville,KY,320.35,452.16,2007
ANC,Anchorage,AK,501.86,708.35,2007
GEG,Spokane,WA,298.84,421.8,2007
RNO,Reno,NV,266.47,376.12,2007
PVD,Providence,RI,299.17,422.27,2007
TUS,Tucson,AZ,311.76,440.04,2007
DSM,Des Moines,IA,394.75,557.18,2007
LGB,Long Beach,CA,263.69,372.18,2007
TUL,Tulsa,OK,329.08,464.48,2007
SYR,Syracuse,NY,359.16,506.94,2007
SRQ,Sarasota/Bradenton,FL,288.8,407.63,2007
ALB,Albany,NY,337.41,476.24,2007
BHM,Birmingham,AL,336.63,475.14,2007
SAV,Savannah,GA,378.15,533.74,2007
ROC,Rochester,NY,304.5,429.79,2007
KOA,Kona,HI,170.15,240.16,2007
TYS,Knoxville,TN,439.77,620.72,2007
MYR,Myrtle Beach,SC,299.25,422.38,2007
PNS,Pensacola,FL,372.33,525.53,2007
GSP,Greenville-Spartanburg,SC,461.44,651.3,2007
COS,Colorado Springs,CO,384.49,542.69,2007
HPN,White Plains,NY,283.99,400.83,2007
LIH,Lihue,HI,146.27,206.45,2007
FAT,Fresno,CA,403.84,570.0,2007
LIT,Little Rock,AR,330.63,466.67,2007
MSN,Madison,WI,425.0,599.87,2007
PWM,Portland,ME,367.72,519.02,2007
PSP,Palm Springs,CA,396.8,560.07,2007
BZN,Bozeman,MT,534.28,754.11,2007
SFB,Sanford,FL,141.92,200.31,2007
PIE,St. Petersburg,FL,155.74,219.82,2007
AVL,Asheville,NC,493.0,695.85,2007
LAX,Los Angeles,CA,389.39,529.28,2008
ORD,Chicago-O'Hare,IL,361.46,491.33,2008
DEN,Denver,CO,325.86,442.94,2008
ATL,Atlanta,GA,351.23,477.42,2008
EWR,Newark,NJ,428.99,583.11,2008
BOS,Boston,MA,391.3,531.89,2008
SEA,Seattle,WA,353.61,480.65,2008
MCO,Orlando,FL,260.03,353.45,2008
DFW,Dallas-DFW,TX,406.16,552.08,2008
PHX,Phoenix,AZ,305.19,414.84,2008
SFO,San Francisco,CA,407.65,554.11,2008
JFK,New York-JFK,NY,363.43,494.0,2008
LAS,Las Vegas,NV,257.75,350.35,2008
LGA,New York-La Guardia,NY,348.28,473.41,2008
MSP,Minneapolis,MN,424.75,577.35,2008
PHL,Philadelphia,PA,341.14,463.7,2008
IAH,Houston-Intercontinental,TX,422.51,574.31,2008
SAN,San Diego,CA,321.5,437.0,2008
DTW,Detroit,MI,334.52,454.7,2008
FLL,Fort Lauderdale,FL,259.7,353.0,2008
DCA,Washington-Reagan National,DC,411.72,559.64,2008
TPA,Tampa,FL,282.51,384.01,2008
MIA,Miami,FL,347.47,472.3,2008
AUS,Austin,TX,338.76,460.46,2008
BWI,Baltimore,MD,291.51,396.24,2008
PDX,Portland,OR,344.36,468.08,2008
SLC,Salt Lake City,UT,330.1,448.7,2008
BNA,Nashville,TN,313.7,426.41,2008
CLT,Charlotte,NC,394.23,535.87,2008
SMF,Sacramento,CA,302.46,411.13,2008
RDU,Raleigh/Durham,NC,312.39,424.62,2008
MDW,Chicago-Midway,IL,265.04,360.26,2008
HNL,Honolulu,HI,314.95,428.1,2008
STL,St. Louis,MO,323.67,439.96,2008
SJC,San Jose,CA,286.78,389.82,2008
OAK,Oakland,CA,261.87,355.95,2008
DAL,Dallas-Love Field,TX,226.79,308.28,2008
SNA,Santa Ana,CA,336.08,456.83,2008
MCI,Kansas City,MO,309.11,420.16,2008
MSY,New Orleans,LA,304.54,413.95,2008
CLE,Cleveland,OH,371.32,504.72,2008
IAD,Washington-Dulles,DC,432.1,587.34,2008
IND,Indianapolis,IN,314.05,426.88,2008
SJU,San Juan,PR,313.6,426.26,2008
SAT,San Antonio,TX,329.79,448.28,2008
PIT,Pittsburgh,PA,313.44,426.05,2008
CVG,Cincinnati,OH,570.18,775.03,2008
CMH,Columbus,OH,324.73,441.4,2008
HOU,Houston-Hobby,TX,265.57,360.98,2008
RSW,Fort Myers,FL,272.62,370.56,2008
BDL,Hartford,CT,384.74,522.96,2008
ONT,Ontario,CA,297.78,404.77,2008
JAX,Jacksonville,FL,306.58,416.73,2008
MKE,Milwaukee,WI,334.05,454.07,2008
BUR,Burbank,CA,258.44,351.29,2008
PBI,West Palm Beach/Palm Beach,FL,287.23,390.43,2008
OMA,Omaha,NE,333.25,452.97,2008
MEM,Memphis,TN,414.02,562.77,2008
RIC,Richmond,VA,360.62,490.19,2008
BOI,Boise,ID,311.3,423.14,2008
CHS,Charleston,SC,403.31,548.21,2008
BUF,Buffalo,NY,281.23,382.26,2008
ORF,Norfolk,VA,367.9,500.08,2008
ABQ,Albuquerque,NM,321.77,437.37,2008
OGG,Kahului,HI,234.59,318.87,2008
ELP,El Paso,TX,319.45,434.22,2008
GRR,Grand Rapids,MI,464.08,630.82,2008
OKC,Oklahoma City,OK,353.07,479.91,2008
SDF,Louisville,KY,339.04,460.84,2008
ANC,Anchorage,AK,531.0,721.78,2008
GEG,Spokane,WA,309.26,420.37,2008
RNO,Reno,NV,289.28,393.21,2008
PVD,Providence,RI,322.55,438.43,2008
TUS,Tucson,AZ,336.11,456.86,2008
DSM,Des Moines,IA,430.87,585.67,2008
LGB,Long Beach,CA,259.43,352.64,2008
TUL,Tulsa,OK,346.4,470.85,2008
SYR,Syracuse,NY,385.2,523.59,2008
SRQ,Sarasota/Bradenton,FL,299.01,406.44,2008
ALB,Albany,NY,360.68,490.27,2008
BHM,Birmingham,AL,343.76,467.27,2008
SAV,Savannah,GA,396.05,538.34,2008
ROC,Rochester,NY,327.26,444.84,2008
KOA,Kona,HI,230.91,313.87,2008
TYS,Knoxville,TN,465.75,633.08,2008
MYR,Myrtle Beach,SC,301.81,410.24,2008
PNS,Pensacola,FL,398.88,542.18,2008
GSP,Greenville-Spartanburg,SC,473.65,643.81,2008
COS,Colorado Springs,CO,402.78,547.49,2008
HPN,White Plains,NY,299.28,406.8,2008
LIH,Lihue,HI,199.37,271.0,2008
FAT,Fresno,CA,435.05,591.35,2008
LIT,Little Rock,AR,346.23,470.62,2008
MSN,Madison,WI,456.42,620.4,2008
PWM,Portland,ME,369.89,502.78,2008
PSP,Palm Springs,CA,415.44,564.69,2008
BZN,Bozeman,MT,514.71,699.63,2008
SFB,Sanford,FL,141.05,191.72,2008
PIE,St. Petersburg,FL,159.27,216.5,2008
AVL,Asheville,NC,489.1,664.82,2008
LAX,Los Angeles,CA,343.06,467.98,2009
ORD,Chicago-O'Hare,IL,328.7,448.39,2009
DEN,Denver,CO,285.46,389.4,2009
ATL,Atlanta,GA,314.81,429.43,2009
EWR,Newark,NJ,385.01,525.2,2009
BOS,Boston,MA,328.5,448.12,2009
SEA,Seattle,WA,314.31,428.75,2009
MCO,Orlando,FL,232.82,317.6,2009
DFW,Dallas-DFW,TX,365.37,498.41,2009
PHX,Phoenix,AZ,279.15,380.79,2009
SFO,San Francisco,CA,340.14,464.0,2009
JFK,New York-JFK,NY,321.94,439.17,2009
LAS,Las Vegas,NV,235.07,320.67,2009
LGA,New York-La Guardia,NY,303.83,414.46,2009
MSP,Minneapolis,MN,341.88,466.36,2009
PHL,Philadelphia,PA,306.48,418.08,2009
IAH,Houston-Intercontinental,TX,382.98,522.43,2009
SAN,San Diego,CA,292.31,398.74,2009
DTW,Detroit,MI,313.77,428.02,2009
FLL,Fort Lauderdale,FL,235.19,320.83,2009
DCA,Washington-Reagan National,DC,363.48,495.83,2009
TPA,Tampa,FL,261.58,356.83,2009
MIA,Miami,FL,318.98,435.13,2009
AUS,Austin,TX,308.11,420.29,2009
BWI,Baltimore,MD,258.52,352.65,2009
PDX,Portland,OR,324.72,442.95,2009
SLC,Salt Lake City,UT,304.8,415.78,2009
BNA,Nashville,TN,293.98,401.02,2009
CLT,Charlotte,NC,329.05,448.86,2009
SMF,Sacramento,CA,286.31,390.56,2009
RDU,Raleigh/Durham,NC,277.14,378.05,2009
MDW,Chicago-Midway,IL,244.36,333.33,2009
HNL,Honolulu,HI,280.47,382.59,2009
STL,St. Louis,MO,291.64,397.84,2009
SJC,San Jose,CA,258.31,352.36,2009
OAK,Oakland,CA,242.26,330.47,2009
DAL,Dallas-Love Field,TX,229.2,312.66,2009
SNA,Santa Ana,CA,284.96,388.71,2009
MCI,Kansas City,MO,277.65,378.74,2009
MSY,New Orleans,LA,283.83,387.18,2009
CLE,Cleveland,OH,336.67,459.26,2009
IAD,Washington-Dulles,DC,394.94,538.75,2009
IND,Indianapolis,IN,283.25,386.39,2009
SJU,San Juan,PR,282.61,385.51,2009
SAT,San Antonio,TX,301.61,411.44,2009
PIT,Pittsburgh,PA,279.9,381.82,2009
CVG,Cincinnati,OH,385.74,526.19,2009
CMH,Columbus,OH,282.68,385.61,2009
HOU,Houston-Hobby,TX,260.18,354.92,2009
RSW,Fort Myers,FL,245.78,335.28,2009
BDL,Hartford,CT,345.49,471.29,2009
ONT,Ontario,CA,277.67,378.78,2009
JAX,Jacksonville,FL,282.04,384.73,2009
MKE,Milwaukee,WI,267.5,364.9,2009
BUR,Burbank,CA,239.68,326.95,2009
PBI,West Palm Beach/Palm Beach,FL,263.29,359.16,2009
OMA,Omaha,NE,301.17,410.83,2009
MEM,Memphis,TN,385.49,525.86,2009
RIC,Richmond,VA,312.36,426.1,2009
BOI,Boise,ID,293.27,400.05,2009
CHS,Charleston,SC,371.88,507.29,2009
BUF,Buffalo,NY,247.25,337.28,2009
ORF,Norfolk,VA,340.57,464.57,2009
ABQ,Albuquerque,NM,294.61,401.89,2009
OGG,Kahului,HI,197.0,268.73,2009
ELP,El Paso,TX,301.27,410.97,2009
GRR,Grand Rapids,MI,409.71,558.9,2009
OKC,Oklahoma City,OK,340.45,464.41,2009
SDF,Louisville,KY,316.44,431.66,2009
ANC,Anchorage,AK,550.62,751.11,2009
GEG,Spokane,WA,298.14,406.7,2009
RNO,Reno,NV,285.58,389.57,2009
PVD,Providence,RI,290.9,396.83,2009
TUS,Tucson,AZ,316.65,431.95,2009
DSM,Des Moines,IA,382.05,521.16,2009
LGB,Long Beach,CA,221.16,301.68,2009
TUL,Tulsa,OK,323.44,441.22,2009
SYR,Syracuse,NY,344.13,469.44,2009
SRQ,Sarasota/Bradenton,FL,266.93,364.13,2009
ALB,Albany,NY,329.48,449.46,2009
BHM,Birmingham,AL,323.49,441.28,2009
SAV,Savannah,GA,405.62,553.32,2009
ROC,Rochester,NY,280.44,382.55,2009
KOA,Kona,HI,191.58,261.34,2009
TYS,Knoxville,TN,391.74,534.38,2009
MYR,Myrtle Beach,SC,267.49,364.89,2009
PNS,Pensacola,FL,379.2,517.27,2009
GSP,Greenville-Spartanburg,SC,404.5,551.79,2009
COS,Colorado Springs,CO,359.82,490.84,2009
HPN,White Plains,NY,272.27,371.4,2009
LIH,Lihue,HI,168.1,229.32,2009
FAT,Fresno,CA,373.97,510.14,2009
LIT,Little Rock,AR,326.0,444.71,2009
MSN,Madison,WI,362.03,493.85,2009
PWM,Portland,ME,317.81,433.53,2009
PSP,Palm Springs,CA,372.99,508.8,2009
BZN,Bozeman,MT,421.65,575.19,2009
SFB,Sanford,FL,121.57,165.84,2009
PIE,St. Petersburg,FL,128.83,175.75,2009
AVL,Asheville,NC,390.97,533.34,2009
LAX,Los Angeles,CA,369.76,496.27,2010
ORD,Chicago-O'Hare,IL,355.73,477.43,2010
DEN,Denver,CO,295.79,396.98,2010
ATL,Atlanta,GA,334.76,449.28,2010
EWR,Newark,NJ,450.02,603.97,2010
BOS,Boston,MA,335.43,450.18,2010
SEA,Seattle,WA,343.97,461.65,2010
MCO,Orlando,FL,245.48,329.47,2010
DFW,Dallas-DFW,TX,402.98,540.85,2010
PHX,Phoenix,AZ,310.75,417.06,2010
SFO,San Francisco,CA,371.94,499.19,2010
JFK,New York-JFK,NY,355.8,477.53,2010
LAS,Las Vegas,NV,257.98,346.23,2010
LGA,New York-La Guardia,NY,320.82,430.58,2010
MSP,Minneapolis,MN,384.94,516.63,2010
PHL,Philadelphia,PA,343.79,461.4,2010
IAH,Houston-Intercontinental,TX,429.15,575.97,2010
SAN,San Diego,CA,322.46,432.78,2010
DTW,Detroit,MI,353.75,474.77,2010
FLL,Fort Lauderdale,FL,247.05,331.57,2010
DCA,Washington-Reagan National,DC,371.8,499.0,2010
TPA,Tampa,FL,284.5,381.83,2010
MIA,Miami,FL,334.27,448.63,2010
AUS,Austin,TX,342.14,459.19,2010
BWI,Baltimore,MD,284.45,381.76,2010
PDX,Portland,OR,350.32,470.17,2010
SLC,Salt Lake City,UT,345.47,463.66,2010
BNA,Nashville,TN,329.25,441.89,2010
CLT,Charlotte,NC,362.96,487.14,2010
SMF,Sacramento,CA,311.26,417.74,2010
RDU,Raleigh/Durham,NC,305.26,409.7,2010
MDW,Chicago-Midway,IL,271.54,364.44,2010
HNL,Honolulu,HI,321.4,431.35,2010
STL,St. Louis,MO,315.5,423.43,2010
SJC,San Jose,CA,290.86,390.37,2010
OAK,Oakland,CA,269.17,361.25,2010
DAL,Dallas-Love Field,TX,254.55,341.64,2010
SNA,Santa Ana,CA,323.05,433.57,2010
MCI,Kansas City,MO,305.98,410.66,2010
MSY,New Orleans,LA,308.34,413.82,2010
CLE,Cleveland,OH,380.98,511.32,2010
IAD,Washington-Dulles,DC,419.38,562.85,2010
IND,Indianapolis,IN,309.38,415.22,2010
SJU,San Juan,PR,290.4,389.75,2010
SAT,San Antonio,TX,325.31,436.6,2010
PIT,Pittsburgh,PA,306.58,411.47,2010
CVG,Cincinnati,OH,424.1,569.19,2010
CMH,Columbus,OH,309.5,415.39,2010
HOU,Houston-Hobby,TX,283.67,380.72,2010
RSW,Fort Myers,FL,256.41,344.13,2010
BDL,Hartford,CT,374.63,502.8,2010
ONT,Ontario,CA,300.16,402.85,2010
JAX,Jacksonville,FL,306.94,411.95,2010
MKE,Milwaukee,WI,258.74,347.26,2010
BUR,Burbank,CA,260.17,349.18,2010
PBI,West Palm Beach/Palm Beach,FL,280.65,376.67,2010
OMA,Omaha,NE,330.96,444.19,2010
MEM,Memphis,TN,428.29,574.81,2010
RIC,Richmond,VA,338.83,454.74,2010
BOI,Boise,ID,317.0,425.45,2010
CHS,Charleston,SC,452.77,607.67,2010
BUF,Buffalo,NY,277.08,371.87,2010
ORF,Norfolk,VA,360.08,483.27,2010
ABQ,Albuquerque,NM,322.75,433.17,2010
OGG,Kahului,HI,233.6,313.52,2010
ELP,El Paso,TX,338.99,454.96,2010
GRR,Grand Rapids,MI,377.29,506.37,2010
OKC,Oklahoma City,OK,367.57,493.33,2010
SDF,Louisville,KY,348.22,467.35,2010
ANC,Anchorage,AK,547.98,735.45,2010
GEG,Spokane,WA,309.37,415.2,2010
RNO,Reno,NV,299.13,401.47,2010
PVD,Providence,RI,325.95,437.47,2010
TUS,Tucson,AZ,338.32,454.06,2010
DSM,Des Moines,IA,403.23,541.18,2010
LGB,Long Beach,CA,236.35,317.2,2010
TUL,Tulsa,OK,359.79,482.88,2010
SYR,Syracuse,NY,366.8,492.29,2010
SRQ,Sarasota/Bradenton,FL,284.1,381.29,2010
ALB,Albany,NY,374.06,502.03,2010
BHM,Birmingham,AL,351.8,472.16,2010
SAV,Savannah,GA,421.04,565.08,2010
ROC,Rochester,NY,305.63,410.19,2010
KOA,Kona,HI,240.24,322.42,2010
TYS,Knoxville,TN,436.15,585.36,2010
MYR,Myrtle Beach,SC,253.14,339.75,2010
PNS,Pensacola,FL,375.26,503.63,2010
GSP,Greenville-Spartanburg,SC,424.49,569.71,2010
COS,Colorado Springs,CO,385.05,516.79,2010
HPN,White Plains,NY,298.18,400.19,2010
LIH,Lihue,HI,212.28,284.91,2010
FAT,Fresno,CA,413.11,554.43,2010
LIT,Little Rock,AR,357.94,480.39,2010
MSN,Madison,WI,390.58,524.21,2010
PWM,Portland,ME,348.05,467.12,2010
PSP,Palm Springs,CA,385.62,517.55,2010
BZN,Bozeman,MT,425.01,570.41,2010
SFB,Sanford,FL,129.27,173.5,2010
PIE,St. Petersburg,FL,124.4,166.96,2010
AVL,Asheville,NC,371.87,499.09,2010
LAX,Los Angeles,CA,394.88,513.76,2011
ORD,Chicago-O'Hare,IL,378.78,492.8,2011
DEN,Denver,CO,319.57,415.77,2011
ATL,Atlanta,GA,368.74,479.74,2011
EWR,Newark,NJ,469.86,611.31,2011
BOS,Boston,MA,351.65,457.51,2011
SEA,Seattle,WA,363.49,472.91,2011
MCO,Orlando,FL,271.1,352.71,2011
DFW,Dallas-DFW,TX,417.41,543.07,2011
PHX,Phoenix,AZ,322.22,419.22,2011
SFO,San Francisco,CA,406.51,528.89,2011
JFK,New York-JFK,NY,390.96,508.66,2011
LAS,Las Vegas,NV,273.5,355.83,2011
LGA,New York-La Guardia,NY,351.27,457.01,2011
MSP,Minneapolis,MN,412.68,536.91,2011
PHL,Philadelphia,PA,380.43,494.95,2011
IAH,Houston-Intercontinental,TX,477.47,621.2,2011
SAN,San Diego,CA,350.42,455.91,2011
DTW,Detroit,MI,378.55,492.51,2011
FLL,Fort Lauderdale,FL,265.28,345.14,2011
DCA,Washington-Reagan National,DC,379.01,493.11,2011
TPA,Tampa,FL,308.91,401.9,2011
MIA,Miami,FL,355.1,462.0,2011
AUS,Austin,TX,367.76,478.46,2011
BWI,Baltimore,MD,319.3,415.42,2011
PDX,Portland,OR,369.27,480.43,2011
SLC,Salt Lake City,UT,372.21,484.26,2011
BNA,Nashville,TN,356.28,463.54,2011
CLT,Charlotte,NC,394.11,512.76,2011
SMF,Sacramento,CA,342.35,445.42,2011
RDU,Raleigh/Durham,NC,338.56,440.48,2011
MDW,Chicago-Midway,IL,295.99,385.09,2011
HNL,Honolulu,HI,355.56,462.59,2011
STL,St. Louis,MO,337.87,439.58,2011
SJC,San Jose,CA,325.61,423.64,2011
OAK,Oakland,CA,295.48,384.43,2011
DAL,Dallas-Love Field,TX,278.06,361.77,2011
SNA,Santa Ana,CA,357.61,465.27,2011
MCI,Kansas City,MO,329.63,428.86,2011
MSY,New Orleans,LA,335.38,436.34,2011
CLE,Cleveland,OH,422.55,549.76,2011
IAD,Washington-Dulles,DC,470.41,612.03,2011
IND,Indianapolis,IN,357.02,464.5,2011
SJU,San Juan,PR,318.62,414.54,2011
SAT,San Antonio,TX,353.71,460.19,2011
PIT,Pittsburgh,PA,335.63,436.67,2011
CVG,Cincinnati,OH,482.57,627.84,2011
CMH,Columbus,OH,346.54,450.86,2011
HOU,Houston-Hobby,TX,306.91,399.31,2011
RSW,Fort Myers,FL,290.68,378.19,2011
BDL,Hartford,CT,380.63,495.21,2011
ONT,Ontario,CA,328.74,427.71,2011
JAX,Jacksonville,FL,343.74,447.22,2011
MKE,Milwaukee,WI,294.92,383.7,2011
BUR,Burbank,CA,289.34,376.45,2011
PBI,West Palm Beach/Palm Beach,FL,307.57,400.16,2011
OMA,Omaha,NE,353.26,459.61,2011
MEM,Memphis,TN,471.71,613.72,2011
RIC,Richmond,VA,394.11,512.75,2011
BOI,Boise,ID,348.68,453.65,2011
CHS,Charleston,SC,423.24,550.65,2011
BUF,Buffalo,NY,317.0,412.43,2011
ORF,Norfolk,VA,394.07,512.7,2011
ABQ,Albuquerque,NM,346.3,450.55,2011
OGG,Kahului,HI,266.92,347.27,2011
ELP,El Paso,TX,372.61,484.78,2011
GRR,Grand Rapids,MI,400.11,520.56,2011
OKC,Oklahoma City,OK,398.68,518.7,2011
SDF,Louisville,KY,384.63,500.42,2011
ANC,Anchorage,AK,551.66,717.73,2011
GEG,Spokane,WA,342.89,446.11,2011
RNO,Reno,NV,331.03,430.68,2011
PVD,Providence,RI,334.17,434.77,2011
TUS,Tucson,AZ,361.26,470.02,2011
DSM,Des Moines,IA,417.93,543.74,2011
LGB,Long Beach,CA,233.99,304.44,2011
TUL,Tulsa,OK,409.4,532.64,2011
SYR,Syracuse,NY,411.6,535.5,2011
SRQ,Sarasota/Bradenton,FL,317.91,413.62,2011
ALB,Albany,NY,410.87,534.55,2011
BHM,Birmingham,AL,389.78,507.12,2011
SAV,Savannah,GA,468.03,608.92,2011
ROC,Rochester,NY,350.73,456.32,2011
KOA,Kona,HI,263.98,343.45,2011
TYS,Knoxville,TN,434.04,564.71,2011
MYR,Myrtle Beach,SC,268.08,348.78,2011
PNS,Pensacola,FL,410.15,533.62,2011
GSP,Greenville-Spartanburg,SC,382.5,497.64,2011
COS,Colorado Springs,CO,427.67,556.41,2011
HPN,White Plains,NY,338.08,439.86,2011
LIH,Lihue,HI,242.82,315.92,2011
FAT,Fresno,CA,408.44,531.4,2011
LIT,Little Rock,AR,393.27,511.66,2011
MSN,Madison,WI,445.23,579.26,2011
PWM,Portland,ME,371.57,483.42,2011
PSP,Palm Springs,CA,419.5,545.79,2011
BZN,Bozeman,MT,438.17,570.08,2011
SFB,Sanford,FL,134.73,175.29,2011
PIE,St. Petersburg,FL,141.16,183.66,2011
AVL,Asheville,NC,389.71,507.03,2011
LAX,Los Angeles,CA,401.84,512.21,2012
ORD,Chicago-O'Hare,IL,385.05,490.81,2012
DEN,Denver,CO,320.91,409.05,2012
ATL,Atlanta,GA,365.82,466.3,2012
EWR,Newark,NJ,477.06,608.09,2012
BOS,Boston,MA,371.25,473.22,2012
SEA,Seattle,WA,382.8,487.94,2012
MCO,Orlando,FL,278.43,354.91,2012
DFW,Dallas-DFW,TX,430.71,549.01,2012
PHX,Phoenix,AZ,331.83,422.97,2012
SFO,San Francisco,CA,408.14,520.24,2012
JFK,New York-JFK,NY,398.11,507.46,2012
LAS,Las Vegas,NV,269.62,343.68,2012
LGA,New York-La Guardia,NY,354.44,451.79,2012
MSP,Minneapolis,MN,437.25,557.35,2012
PHL,Philadelphia,PA,399.08,508.69,2012
IAH,Houston-Intercontinental,TX,506.86,646.07,2012
SAN,San Diego,CA,357.14,455.23,2012
DTW,Detroit,MI,404.96,516.18,2012
FLL,Fort Lauderdale,FL,271.59,346.19,2012
DCA,Washington-Reagan National,DC,377.23,480.84,2012
TPA,Tampa,FL,318.83,406.4,2012
MIA,Miami,FL,367.52,468.46,2012
AUS,Austin,TX,383.05,488.26,2012
BWI,Baltimore,MD,325.01,414.27,2012
PDX,Portland,OR,365.16,465.45,2012
SLC,Salt Lake City,UT,396.08,504.87,2012
BNA,Nashville,TN,368.31,469.47,2012
CLT,Charlotte,NC,407.82,519.83,2012
SMF,Sacramento,CA,348.61,444.36,2012
RDU,Raleigh/Durham,NC,355.79,453.51,2012
MDW,Chicago-Midway,IL,298.74,380.79,2012
HNL,Honolulu,HI,347.29,442.67,2012
STL,St. Louis,MO,355.45,453.08,2012
SJC,San Jose,CA,335.84,428.08,2012
OAK,Oakland,CA,293.23,373.77,2012
DAL,Dallas-Love Field,TX,282.95,360.67,2012
SNA,Santa Ana,CA,363.38,463.19,2012
MCI,Kansas City,MO,349.95,446.07,2012
MSY,New Orleans,LA,360.48,459.49,2012
CLE,Cleveland,OH,451.91,576.03,2012
IAD,Washington-Dulles,DC,496.18,632.47,2012
IND,Indianapolis,IN,382.54,487.61,2012
SJU,San Juan,PR,294.15,374.95,2012
SAT,San Antonio,TX,377.14,480.72,2012
PIT,Pittsburgh,PA,365.66,466.1,2012
CVG,Cincinnati,OH,524.95,669.14,2012
CMH,Columbus,OH,370.68,472.49,2012
HOU,Houston-Hobby,TX,325.82,415.31,2012
RSW,Fort Myers,FL,311.24,396.73,2012
BDL,Hartford,CT,406.41,518.04,2012
ONT,Ontario,CA,335.51,427.66,2012
JAX,Jacksonville,FL,368.72,469.99,2012
MKE,Milwaukee,WI,322.28,410.8,2012
BUR,Burbank,CA,278.93,355.54,2012
PBI,West Palm Beach/Palm Beach,FL,321.43,409.72,2012
OMA,Omaha,NE,373.22,475.73,2012
MEM,Memphis,TN,498.61,635.56,2012
RIC,Richmond,VA,412.02,525.19,2012
BOI,Boise,ID,388.09,494.69,2012
CHS,Charleston,SC,432.11,550.79,2012
BUF,Buffalo,NY,321.87,410.28,2012
ORF,Norfolk,VA,405.88,517.36,2012
ABQ,Albuquerque,NM,356.19,454.03,2012
OGG,Kahului,HI,258.21,329.13,2012
ELP,El Paso,TX,381.97,486.88,2012
GRR,Grand Rapids,MI,445.8,568.24,2012
OKC,Oklahoma City,OK,409.85,522.42,2012
SDF,Louisville,KY,395.55,504.19,2012
ANC,Anchorage,AK,581.81,741.61,2012
GEG,Spokane,WA,365.56,465.96,2012
RNO,Reno,NV,332.74,424.13,2012
PVD,Providence,RI,361.05,460.21,2012
TUS,Tucson,AZ,362.85,462.52,2012
DSM,Des Moines,IA,413.05,526.5,2012
LGB,Long Beach,CA,230.22,293.45,2012
TUL,Tulsa,OK,432.94,551.86,2012
SYR,Syracuse,NY,420.96,536.58,2012
SRQ,Sarasota/Bradenton,FL,339.52,432.77,2012
ALB,Albany,NY,418.25,533.12,2012
BHM,Birmingham,AL,392.89,500.8,2012
SAV,Savannah,GA,481.72,614.03,2012
ROC,Rochester,NY,350.35,446.58,2012
KOA,Kona,HI,260.24,331.71,2012
TYS,Knoxville,TN,447.67,570.63,2012
MYR,Myrtle Beach,SC,285.27,363.63,2012
PNS,Pensacola,FL,433.94,553.13,2012
GSP,Greenville-Spartanburg,SC,396.3,505.15,2012
COS,Colorado Springs,CO,390.11,497.25,2012
HPN,White Plains,NY,360.84,459.95,2012
LIH,Lihue,HI,235.14,299.73,2012
FAT,Fresno,CA,407.46,519.38,2012
LIT,Little Rock,AR,388.55,495.26,2012
MSN,Madison,WI,457.93,583.7,2012
PWM,Portland,ME,401.89,512.28,2012
PSP,Palm Springs,CA,384.73,490.41,2012
BZN,Bozeman,MT,431.8,550.4,2012
SFB,Sanford,FL,133.95,170.74,2012
PIE,St. Petersburg,FL,144.68,184.42,2012
AVL,Asheville,NC,452.74,577.09,2012
LAX,Los Angeles,CA,411.92,517.48,2013
ORD,Chicago-O'Hare,IL,400.51,503.15,2013
DEN,Denver,CO,327.21,411.06,2013
ATL,Atlanta,GA,397.86,499.81,2013
EWR,Newark,NJ,487.5,612.42,2013
BOS,Boston,MA,373.46,469.16,2013
SEA,Seattle,WA,380.51,478.02,2013
MCO,Orlando,FL,294.75,370.28,2013
DFW,Dallas-DFW,TX,415.66,522.18,2013
PHX,Phoenix,AZ,348.4,437.68,2013
SFO,San Francisco,CA,427.71,537.31,2013
JFK,New York-JFK,NY,416.81,523.62,2013
LAS,Las Vegas,NV,262.2,329.39,2013
LGA,New York-La Guardia,NY,370.6,465.57,2013
MSP,Minneapolis,MN,438.55,550.93,2013
PHL,Philadelphia,PA,408.52,513.21,2013
IAH,Houston-Intercontinental,TX,499.82,627.91,2013
SAN,San Diego,CA,364.42,457.8,2013
DTW,Detroit,MI,422.25,530.46,2013
FLL,Fort Lauderdale,FL,284.28,357.13,2013
DCA,Washington-Reagan National,DC,375.58,471.82,2013
TPA,Tampa,FL,327.71,411.69,2013
MIA,Miami,FL,380.84,478.43,2013
AUS,Austin,TX,386.6,485.67,2013
BWI,Baltimore,MD,325.5,408.91,2013
PDX,Portland,OR,361.68,454.36,2013
SLC,Salt Lake City,UT,410.04,515.12,2013
BNA,Nashville,TN,371.43,466.62,2013
CLT,Charlotte,NC,410.72,515.97,2013
SMF,Sacramento,CA,371.95,467.26,2013
RDU,Raleigh/Durham,NC,370.21,465.08,2013
MDW,Chicago-Midway,IL,316.06,397.06,2013
HNL,Honolulu,HI,348.28,437.54,2013
STL,St. Louis,MO,361.03,453.54,2013
SJC,San Jose,CA,341.41,428.9,2013
OAK,Oakland,CA,306.44,384.97,2013
DAL,Dallas-Love Field,TX,291.83,366.61,2013
SNA,Santa Ana,CA,374.7,470.72,2013
MCI,Kansas City,MO,366.67,460.63,2013
MSY,New Orleans,LA,359.08,451.1,2013
CLE,Cleveland,OH,453.09,569.21,2013
IAD,Washington-Dulles,DC,495.88,622.95,2013
IND,Indianapolis,IN,396.13,497.64,2013
SJU,San Juan,PR,307.89,386.8,2013
SAT,San Antonio,TX,392.0,492.46,2013
PIT,Pittsburgh,PA,389.16,488.88,2013
CVG,Cincinnati,OH,520.06,653.33,2013
CMH,Columbus,OH,395.07,496.31,2013
HOU,Houston-Hobby,TX,342.54,430.32,2013
RSW,Fort Myers,FL,324.0,407.03,2013
BDL,Hartford,CT,402.6,505.77,2013
ONT,Ontario,CA,347.02,435.94,2013
JAX,Jacksonville,FL,380.06,477.46,2013
MKE,Milwaukee,WI,353.8,444.46,2013
BUR,Burbank,CA,284.2,357.03,2013
PBI,West Palm Beach/Palm Beach,FL,328.85,413.12,2013
OMA,Omaha,NE,382.77,480.86,2013
MEM,Memphis,TN,467.16,586.88,2013
RIC,Richmond,VA,420.17,527.85,2013
BOI,Boise,ID,396.06,497.56,2013
CHS,Charleston,SC,400.84,503.56,2013
BUF,Buffalo,NY,324.47,407.62,2013
ORF,Norfolk,VA,410.31,515.45,2013
ABQ,Albuquerque,NM,350.49,440.3,2013
OGG,Kahului,HI,271.44,341.0,2013
ELP,El Paso,TX,381.99,479.88,2013
GRR,Grand Rapids,MI,442.34,555.7,2013
OKC,Oklahoma City,OK,409.31,514.2,2013
SDF,Louisville,KY,400.95,503.7,2013
ANC,Anchorage,AK,529.63,665.35,2013
GEG,Spokane,WA,377.01,473.63,2013
RNO,Reno,NV,349.76,439.39,2013
PVD,Providence,RI,338.91,425.76,2013
TUS,Tucson,AZ,381.1,478.76,2013
DSM,Des Moines,IA,396.19,497.72,2013
LGB,Long Beach,CA,239.61,301.02,2013
TUL,Tulsa,OK,438.42,550.77,2013
SYR,Syracuse,NY,415.86,522.43,2013
SRQ,Sarasota/Bradenton,FL,377.44,474.16,2013
ALB,Albany,NY,433.52,544.62,2013
BHM,Birmingham,AL,419.25,526.68,2013
SAV,Savannah,GA,490.22,615.84,2013
ROC,Rochester,NY,360.71,453.15,2013
KOA,Kona,HI,285.01,358.04,2013
TYS,Knoxville,TN,453.81,570.1,2013
MYR,Myrtle Beach,SC,268.63,337.47,2013
PNS,Pensacola,FL,449.33,564.47,2013
GSP,Greenville-Spartanburg,SC,401.24,504.06,2013
COS,Colorado Springs,CO,433.45,544.52,2013
HPN,White Plains,NY,393.91,494.86,2013
LIH,Lihue,HI,251.47,315.91,2013
FAT,Fresno,CA,408.68,513.4,2013
LIT,Little Rock,AR,400.86,503.59,2013
MSN,Madison,WI,475.19,596.96,2013
PWM,Portland,ME,396.81,498.49,2013
PSP,Palm Springs,CA,379.55,476.81,2013
BZN,Bozeman,MT,449.64,564.87,2013
SFB,Sanford,FL,103.46,129.97,2013
PIE,St. Petersburg,FL,104.15,130.84,2013
AVL,Asheville,NC,442.03,555.3,2013
LAX,Los Angeles,CA,422.89,522.78,2014
ORD,Chicago-O'Hare,IL,415.75,513.96,2014
DEN,Denver,CO,336.73,416.27,2014
ATL,Atlanta,GA,424.95,525.33,2014
EWR,Newark,NJ,492.22,608.48,2014
BOS,Boston,MA,381.96,472.18,2014
SEA,Seattle,WA,379.42,469.04,2014
MCO,Orlando,FL,312.4,386.19,2014
DFW,Dallas-DFW,TX,425.24,525.69,2014
PHX,Phoenix,AZ,359.32,444.2,2014
SFO,San Francisco,CA,436.27,539.32,2014
JFK,New York-JFK,NY,432.28,534.38,2014
LAS,Las Vegas,NV,266.04,328.88,2014
LGA,New York-La Guardia,NY,395.84,489.34,2014
MSP,Minneapolis,MN,435.05,537.81,2014
PHL,Philadelphia,PA,430.07,531.66,2014
IAH,Houston-Intercontinental,TX,492.58,608.93,2014
SAN,San Diego,CA,375.61,464.33,2014
DTW,Detroit,MI,429.93,531.48,2014
FLL,Fort Lauderdale,FL,296.46,366.49,2014
DCA,Washington-Reagan National,DC,390.58,482.84,2014
TPA,Tampa,FL,336.84,416.41,2014
MIA,Miami,FL,408.79,505.35,2014
AUS,Austin,TX,393.55,486.51,2014
BWI,Baltimore,MD,340.87,421.39,2014
PDX,Portland,OR,365.05,451.28,2014
SLC,Salt Lake City,UT,410.54,507.51,2014
BNA,Nashville,TN,385.22,476.21,2014
CLT,Charlotte,NC,435.75,538.68,2014
SMF,Sacramento,CA,378.46,467.85,2014
RDU,Raleigh/Durham,NC,385.65,476.75,2014
MDW,Chicago-Midway,IL,332.81,411.42,2014
HNL,Honolulu,HI,373.78,462.06,2014
STL,St. Louis,MO,383.96,474.65,2014
SJC,San Jose,CA,341.32,421.94,2014
OAK,Oakland,CA,307.19,379.75,2014
DAL,Dallas-Love Field,TX,297.8,368.15,2014
SNA,Santa Ana,CA,383.24,473.77,2014
MCI,Kansas City,MO,379.48,469.11,2014
MSY,New Orleans,LA,362.49,448.12,2014
CLE,Cleveland,OH,444.7,549.75,2014
IAD,Washington-Dulles,DC,488.13,603.43,2014
IND,Indianapolis,IN,412.9,510.43,2014
SJU,San Juan,PR,308.05,380.82,2014
SAT,San Antonio,TX,403.04,498.25,2014
PIT,Pittsburgh,PA,404.69,500.28,2014
CVG,Cincinnati,OH,513.3,634.55,2014
CMH,Columbus,OH,413.32,510.95,2014
HOU,Houston-Hobby,TX,354.63,438.4,2014
RSW,Fort Myers,FL,329.78,407.68,2014
BDL,Hartford,CT,393.58,486.55,2014
ONT,Ontario,CA,349.49,432.05,2014
JAX,Jacksonville,FL,390.05,482.18,2014
MKE,Milwaukee,WI,364.24,450.27,2014
BUR,Burbank,CA,291.64,360.52,2014
PBI,West Palm Beach/Palm Beach,FL,347.69,429.82,2014
OMA,Omaha,NE,398.86,493.08,2014
MEM,Memphis,TN,452.44,559.31,2014
RIC,Richmond,VA,426.68,527.46,2014
BOI,Boise,ID,391.27,483.69,2014
CHS,Charleston,SC,399.86,494.31,2014
BUF,Buffalo,NY,335.58,414.85,2014
ORF,Norfolk,VA,441.49,545.77,2014
ABQ,Albuquerque,NM,386.37,477.63,2014
OGG,Kahului,HI,299.63,370.41,2014
ELP,El Paso,TX,395.15,488.49,2014
GRR,Grand Rapids,MI,439.54,543.36,2014
OKC,Oklahoma City,OK,420.02,519.23,2014
SDF,Louisville,KY,419.66,518.78,2014
ANC,Anchorage,AK,522.39,645.78,2014
GEG,Spokane,WA,382.75,473.16,2014
RNO,Reno,NV,364.09,450.08,2014
PVD,Providence,RI,359.52,444.44,2014
TUS,Tucson,AZ,397.0,490.77,2014
DSM,Des Moines,IA,394.06,487.14,2014
LGB,Long Beach,CA,251.86,311.35,2014
TUL,Tulsa,OK,434.95,537.69,2014
SYR,Syracuse,NY,414.56,512.49,2014
SRQ,Sarasota/Bradenton,FL,390.7,482.98,2014
ALB,Albany,NY,444.06,548.95,2014
BHM,Birmingham,AL,442.68,547.24,2014
SAV,Savannah,GA,446.1,551.47,2014
ROC,Rochester,NY,379.18,468.74,2014
KOA,Kona,HI,305.78,378.01,2014
TYS,Knoxville,TN,453.23,560.29,2014
MYR,Myrtle Beach,SC,266.74,329.75,2014
PNS,Pensacola,FL,468.39,579.03,2014
GSP,Greenville-Spartanburg,SC,411.0,508.08,2014
COS,Colorado Springs,CO,456.03,563.75,2014
HPN,White Plains,NY,393.75,486.76,2014
LIH,Lihue,HI,268.43,331.83,2014
FAT,Fresno,CA,415.02,513.05,2014
LIT,Little Rock,AR,418.93,517.89,2014
MSN,Madison,WI,505.32,624.68,2014
PWM,Portland,ME,412.22,509.58,2014
PSP,Palm Springs,CA,383.98,474.68,2014
BZN,Bozeman,MT,432.74,534.96,2014
SFB,Sanford,FL,108.69,134.36,2014
PIE,St. Petersburg,FL,107.16,132.47,2014
AVL,Asheville,NC,387.16,478.61,2014
LAX,Los Angeles,CA,398.62,492.2,2015
ORD,Chicago-O'Hare,IL,359.19,443.51,2015
DEN,Denver,CO,326.65,403.32,2015
ATL,Atlanta,GA,390.24,481.84,2015
EWR,Newark,NJ,472.14,582.97,2015
BOS,Boston,MA,377.74,466.41,2015
SEA,Seattle,WA,367.0,453.15,2015
MCO,Orlando,FL,291.16,359.51,2015
DFW,Dallas-DFW,TX,383.25,473.21,2015
PHX,Phoenix,AZ,349.17,431.14,2015
SFO,San Francisco,CA,427.08,527.33,2015
JFK,New York-JFK,NY,430.52,531.58,2015
LAS,Las Vegas,NV,248.48,306.81,2015
LGA,New York-La Guardia,NY,369.48,456.21,2015
MSP,Minneapolis,MN,429.15,529.89,2015
PHL,Philadelphia,PA,399.07,492.75,2015
IAH,Houston-Intercontinental,TX,445.14,549.63,2015
SAN,San Diego,CA,365.84,451.71,2015
DTW,Detroit,MI,416.23,513.93,2015
FLL,Fort Lauderdale,FL,269.44,332.69,2015
DCA,Washington-Reagan National,DC,358.86,443.1,2015
TPA,Tampa,FL,319.52,394.52,2015
MIA,Miami,FL,359.77,444.23,2015
AUS,Austin,TX,371.99,459.31,2015
BWI,Baltimore,MD,331.12,408.85,2015
PDX,Portland,OR,359.71,444.15,2015
SLC,Salt Lake City,UT,389.44,480.85,2015
BNA,Nashville,TN,385.09,475.48,2015
CLT,Charlotte,NC,445.25,549.77,2015
SMF,Sacramento,CA,372.24,459.62,2015
RDU,Raleigh/Durham,NC,379.33,468.38,2015
MDW,Chicago-Midway,IL,306.83,378.86,2015
HNL,Honolulu,HI,385.32,475.78,2015
STL,St. Louis,MO,375.14,463.2,2015
SJC,San Jose,CA,341.01,421.06,2015
OAK,Oakland,CA,310.1,382.9,2015
DAL,Dallas-Love Field,TX,281.1,347.09,2015
SNA,Santa Ana,CA,375.79,464.01,2015
MCI,Kansas City,MO,370.99,458.07,2015
MSY,New Orleans,LA,336.79,415.84,2015
CLE,Cleveland,OH,360.96,445.69,2015
IAD,Washington-Dulles,DC,455.13,561.97,2015
IND,Indianapolis,IN,381.1,470.56,2015
SJU,San Juan,PR,330.08,407.57,2015
SAT,San Antonio,TX,399.49,493.26,2015
PIT,Pittsburgh,PA,390.23,481.83,2015
CVG,Cincinnati,OH,434.6,536.62,2015
CMH,Columbus,OH,400.0,493.9,2015
HOU,Houston-Hobby,TX,342.17,422.5,2015
RSW,Fort Myers,FL,317.94,392.57,2015
BDL,Hartford,CT,397.66,491.01,2015
ONT,Ontario,CA,352.22,434.9,2015
JAX,Jacksonville,FL,382.23,471.95,2015
MKE,Milwaukee,WI,362.56,447.67,2015
BUR,Burbank,CA,294.34,363.44,2015
PBI,West Palm Beach/Palm Beach,FL,329.49,406.84,2015
OMA,Omaha,NE,401.13,495.29,2015
MEM,Memphis,TN,409.27,505.34,2015
RIC,Richmond,VA,426.11,526.14,2015
BOI,Boise,ID,373.09,460.67,2015
CHS,Charleston,SC,389.15,480.5,2015
BUF,Buffalo,NY,330.55,408.15,2015
ORF,Norfolk,VA,444.27,548.56,2015
ABQ,Albuquerque,NM,381.0,470.44,2015
OGG,Kahului,HI,319.75,394.8,2015
ELP,El Paso,TX,406.68,502.15,2015
GRR,Grand Rapids,MI,421.46,520.4,2015
OKC,Oklahoma City,OK,418.41,516.63,2015
SDF,Louisville,KY,426.43,526.53,2015
ANC,Anchorage,AK,473.53,584.68,2015
GEG,Spokane,WA,373.76,461.49,2015
RNO,Reno,NV,354.26,437.41,2015
PVD,Providence,RI,362.41,447.49,2015
TUS,Tucson,AZ,403.2,497.85,2015
DSM,Des Moines,IA,393.81,486.25,2015
LGB,Long Beach,CA,249.1,307.58,2015
TUL,Tulsa,OK,423.66,523.12,2015
SYR,Syracuse,NY,420.22,518.87,2015
SRQ,Sarasota/Bradenton,FL,401.58,495.84,2015
ALB,Albany,NY,431.62,532.94,2015
BHM,Birmingham,AL,437.1,539.7,2015
SAV,Savannah,GA,442.91,546.88,2015
ROC,Rochester,NY,383.52,473.54,2015
KOA,Kona,HI,322.02,397.61,2015
TYS,Knoxville,TN,464.17,573.13,2015
MYR,Myrtle Beach,SC,261.6,323.0,2015
PNS,Pensacola,FL,460.13,568.14,2015
GSP,Greenville-Spartanburg,SC,415.76,513.35,2015
COS,Colorado Springs,CO,465.17,574.36,2015
HPN,White Plains,NY,400.13,494.06,2015
LIH,Lihue,HI,288.88,356.69,2015
FAT,Fresno,CA,450.2,555.88,2015
LIT,Little Rock,AR,438.28,541.16,2015
MSN,Madison,WI,520.76,643.0,2015
PWM,Portland,ME,418.32,516.52,2015
PSP,Palm Springs,CA,403.16,497.8,2015
BZN,Bozeman,MT,445.41,549.97,2015
SFB,Sanford,FL,102.66,126.75,2015
PIE,St. Petersburg,FL,100.71,124.35,2015
AVL,Asheville,NC,386.88,477.69,2015
LAX,Los Angeles,CA,355.9,433.97,2016
ORD,Chicago-O'Hare,IL,317.98,387.73,2016
DEN,Denver,CO,311.95,380.38,2016
ATL,Atlanta,GA,350.96,427.95,2016
EWR,Newark,NJ,429.75,524.02,2016
BOS,Boston,MA,349.34,425.98,2016
SEA,Seattle,WA,332.4,405.32,2016
MCO,Orlando,FL,253.87,309.56,2016
DFW,Dallas-DFW,TX,348.99,425.55,2016
PHX,Phoenix,AZ,327.14,398.9,2016
SFO,San Francisco,CA,395.74,482.55,2016
JFK,New York-JFK,NY,396.12,483.01,2016
LAS,Las Vegas,NV,227.52,277.43,2016
LGA,New York-La Guardia,NY,329.2,401.42,2016
MSP,Minneapolis,MN,386.39,471.14,2016
PHL,Philadelphia,PA,366.17,446.5,2016
IAH,Houston-Intercontinental,TX,431.39,526.02,2016
SAN,San Diego,CA,353.27,430.76,2016
DTW,Detroit,MI,376.53,459.13,2016
FLL,Fort Lauderdale,FL,241.77,294.8,2016
DCA,Washington-Reagan National,DC,338.31,412.52,2016
TPA,Tampa,FL,312.21,380.69,2016
MIA,Miami,FL,303.24,369.76,2016
AUS,Austin,TX,372.45,454.15,2016
BWI,Baltimore,MD,317.36,386.98,2016
PDX,Portland,OR,324.05,395.13,2016
SLC,Salt Lake City,UT,367.96,448.68,2016
BNA,Nashville,TN,356.95,435.25,2016
CLT,Charlotte,NC,415.91,507.14,2016
SMF,Sacramento,CA,362.01,441.42,2016
RDU,Raleigh/Durham,NC,354.87,432.71,2016
MDW,Chicago-Midway,IL,279.81,341.19,2016
HNL,Honolulu,HI,388.26,473.43,2016
STL,St. Louis,MO,362.69,442.25,2016
SJC,San Jose,CA,322.67,393.45,2016
OAK,Oakland,CA,303.94,370.62,2016
DAL,Dallas-Love Field,TX,277.65,338.55,2016
SNA,Santa Ana,CA,357.65,436.11,2016
MCI,Kansas City,MO,354.34,432.06,2016
MSY,New Orleans,LA,316.73,386.21,2016
CLE,Cleveland,OH,336.79,410.66,2016
IAD,Washington-Dulles,DC,443.43,540.7,2016
IND,Indianapolis,IN,350.89,427.87,2016
SJU,San Juan,PR,285.26,347.83,2016
SAT,San Antonio,TX,385.75,470.37,2016
PIT,Pittsburgh,PA,374.9,457.13,2016
CVG,Cincinnati,OH,382.64,466.58,2016
CMH,Columbus,OH,368.89,449.81,2016
HOU,Houston-Hobby,TX,340.28,414.92,2016
RSW,Fort Myers,FL,304.63,371.45,2016
BDL,Hartford,CT,385.17,469.66,2016
ONT,Ontario,CA,343.6,418.97,2016
JAX,Jacksonville,FL,374.33,456.44,2016
MKE,Milwaukee,WI,336.83,410.72,2016
BUR,Burbank,CA,283.9,346.18,2016
PBI,West Palm Beach/Palm Beach,FL,317.0,386.53,2016
OMA,Omaha,NE,380.26,463.67,2016
MEM,Memphis,TN,387.51,472.51,2016
RIC,Richmond,VA,417.55,509.14,2016
BOI,Boise,ID,352.72,430.09,2016
CHS,Charleston,SC,369.48,450.52,2016
BUF,Buffalo,NY,318.51,388.38,2016
ORF,Norfolk,VA,429.26,523.42,2016
ABQ,Albuquerque,NM,376.86,459.52,2016
OGG,Kahului,HI,316.6,386.04,2016
ELP,El Paso,TX,397.62,484.84,2016
GRR,Grand Rapids,MI,400.1,487.87,2016
OKC,Oklahoma City,OK,409.49,499.32,2016
SDF,Louisville,KY,422.29,514.93,2016
ANC,Anchorage,AK,430.59,525.04,2016
GEG,Spokane,WA,359.32,438.14,2016
RNO,Reno,NV,353.2,430.67,2016
PVD,Providence,RI,352.64,429.99,2016
TUS,Tucson,AZ,384.21,468.49,2016
DSM,Des Moines,IA,373.35,455.25,2016
LGB,Long Beach,CA,220.8,269.23,2016
TUL,Tulsa,OK,411.35,501.58,2016
SYR,Syracuse,NY,406.88,496.14,2016
SRQ,Sarasota/Bradenton,FL,411.01,501.17,2016
ALB,Albany,NY,397.57,484.78,2016
BHM,Birmingham,AL,446.84,544.86,2016
SAV,Savannah,GA,403.28,491.74,2016
ROC,Rochester,NY,367.7,448.35,2016
KOA,Kona,HI,324.73,395.96,2016
TYS,Knoxville,TN,445.12,542.77,2016
MYR,Myrtle Beach,SC,251.77,307.0,2016
PNS,Pensacola,FL,448.29,546.63,2016
GSP,Greenville-Spartanburg,SC,416.37,507.71,2016
COS,Colorado Springs,CO,406.82,496.06,2016
HPN,White Plains,NY,388.3,473.48,2016
LIH,Lihue,HI,294.04,358.54,2016
FAT,Fresno,CA,429.95,524.27,2016
LIT,Little Rock,AR,433.78,528.93,2016
MSN,Madison,WI,488.57,595.74,2016
PWM,Portland,ME,405.01,493.86,2016
PSP,Palm Springs,CA,376.01,458.49,2016
BZN,Bozeman,MT,436.29,531.99,2016
SFB,Sanford,FL,96.55,117.73,2016
PIE,St. Petersburg,FL,96.18,117.28,2016
AVL,Asheville,NC,370.4,451.65,2016
LAX,Los Angeles,CA,352.52,420.88,2017
ORD,Chicago-O'Hare,IL,317.14,378.64,2017
DEN,Denver,CO,298.97,356.95,2017
ATL,Atlanta,GA,350.91,418.96,2017
EWR,Newark,NJ,401.2,479.01,2017
BOS,Boston,MA,335.98,401.13,2017
SEA,Seattle,WA,335.44,400.5,2017
MCO,Orlando,FL,249.33,297.68,2017
DFW,Dallas-DFW,TX,362.79,433.14,2017
PHX,Phoenix,AZ,327.12,390.56,2017
SFO,San Francisco,CA,384.99,459.65,2017
JFK,New York-JFK,NY,393.56,469.89,2017
LAS,Las Vegas,NV,239.01,285.36,2017
LGA,New York-La Guardia,NY,316.57,377.96,2017
MSP,Minneapolis,MN,371.27,443.27,2017
PHL,Philadelphia,PA,381.12,455.03,2017
IAH,Houston-Intercontinental,TX,409.08,488.41,2017
SAN,San Diego,CA,337.85,403.37,2017
DTW,Detroit,MI,369.48,441.14,2017
FLL,Fort Lauderdale,FL,236.41,282.26,2017
DCA,Washington-Reagan National,DC,339.85,405.76,2017
TPA,Tampa,FL,310.53,370.75,2017
MIA,Miami,FL,305.4,364.62,2017
AUS,Austin,TX,354.14,422.82,2017
BWI,Baltimore,MD,313.26,374.01,2017
PDX,Portland,OR,321.91,384.34,2017
SLC,Salt Lake City,UT,351.74,419.95,2017
BNA,Nashville,TN,357.81,427.2,2017
CLT,Charlotte,NC,413.38,493.54,2017
SMF,Sacramento,CA,352.21,420.51,2017
RDU,Raleigh/Durham,NC,354.29,422.99,2017
MDW,Chicago-Midway,IL,279.93,334.21,2017
HNL,Honolulu,HI,368.7,440.2,2017
STL,St. Louis,MO,365.23,436.06,2017
SJC,San Jose,CA,307.11,366.67,2017
OAK,Oakland,CA,293.26,350.13,2017
DAL,Dallas-Love Field,TX,289.2,345.28,2017
SNA,Santa Ana,CA,353.84,422.46,2017
MCI,Kansas City,MO,349.52,417.3,2017
MSY,New Orleans,LA,300.7,359.02,2017
CLE,Cleveland,OH,317.22,378.74,2017
IAD,Washington-Dulles,DC,424.8,507.18,2017
IND,Indianapolis,IN,350.69,418.7,2017
SJU,San Juan,PR,290.46,346.79,2017
SAT,San Antonio,TX,374.44,447.06,2017
PIT,Pittsburgh,PA,357.36,426.66,2017
CVG,Cincinnati,OH,335.72,400.82,2017
CMH,Columbus,OH,366.22,437.24,2017
HOU,Houston-Hobby,TX,329.4,393.28,2017
RSW,Fort Myers,FL,312.52,373.12,2017
BDL,Hartford,CT,373.77,446.25,2017
ONT,Ontario,CA,336.52,401.78,2017
JAX,Jacksonville,FL,384.2,458.7,2017
MKE,Milwaukee,WI,337.54,403.0,2017
BUR,Burbank,CA,268.57,320.65,2017
PBI,West Palm Beach/Palm Beach,FL,322.88,385.5,2017
OMA,Omaha,NE,370.31,442.12,2017
MEM,Memphis,TN,391.95,467.96,2017
RIC,Richmond,VA,424.67,507.02,2017
BOI,Boise,ID,343.18,409.74,2017
CHS,Charleston,SC,371.74,443.83,2017
BUF,Buffalo,NY,316.04,377.33,2017
ORF,Norfolk,VA,426.2,508.86,2017
ABQ,Albuquerque,NM,366.18,437.19,2017
OGG,Kahului,HI,297.38,355.05,2017
ELP,El Paso,TX,387.42,462.55,2017
GRR,Grand Rapids,MI,408.57,487.81,2017
OKC,Oklahoma City,OK,399.64,477.14,2017
SDF,Louisville,KY,409.98,489.49,2017
ANC,Anchorage,AK,430.09,513.49,2017
GEG,Spokane,WA,349.83,417.67,2017
RNO,Reno,NV,339.0,404.75,2017
PVD,Providence,RI,338.78,404.48,2017
TUS,Tucson,AZ,382.34,456.49,2017
DSM,Des Moines,IA,379.18,452.71,2017
LGB,Long Beach,CA,200.88,239.83,2017
TUL,Tulsa,OK,409.44,488.84,2017
SYR,Syracuse,NY,423.89,506.1,2017
SRQ,Sarasota/Bradenton,FL,417.63,498.62,2017
ALB,Albany,NY,397.84,474.99,2017
BHM,Birmingham,AL,457.38,546.08,2017
SAV,Savannah,GA,400.71,478.42,2017
ROC,Rochester,NY,377.9,451.18,2017
KOA,Kona,HI,309.55,369.58,2017
TYS,Knoxville,TN,453.56,541.52,2017
MYR,Myrtle Beach,SC,266.11,317.71,2017
PNS,Pensacola,FL,444.38,530.56,2017
GSP,Greenville-Spartanburg,SC,415.77,496.4,2017
COS,Colorado Springs,CO,350.7,418.7,2017
HPN,White Plains,NY,402.26,480.27,2017
LIH,Lihue,HI,281.88,336.55,2017
FAT,Fresno,CA,438.82,523.92,2017
LIT,Little Rock,AR,439.24,524.42,2017
MSN,Madison,WI,483.77,577.58,2017
PWM,Portland,ME,394.87,471.45,2017
PSP,Palm Springs,CA,387.26,462.36,2017
BZN,Bozeman,MT,457.93,546.73,2017
SFB,Sanford,FL,119.95,143.21,2017
PIE,St. Petersburg,FL,122.72,146.52,2017
AVL,Asheville,NC,384.37,458.91,2017
LAX,Los Angeles,CA,352.79,411.17,2018
ORD,Chicago-O'Hare,IL,338.55,394.56,2018
DEN,Denver,CO,302.55,352.61,2018
ATL,Atlanta,GA,360.85,420.56,2018
EWR,Newark,NJ,403.74,470.55,2018
BOS,Boston,MA,328.21,382.51,2018
SEA,Seattle,WA,337.31,393.12,2018
MCO,Orlando,FL,249.74,291.06,2018
DFW,Dallas-DFW,TX,383.43,446.87,2018
PHX,Phoenix,AZ,338.57,394.59,2018
SFO,San Francisco,CA,379.43,442.21,2018
JFK,New York-JFK,NY,390.2,454.76,2018
LAS,Las Vegas,NV,240.35,280.12,2018
LGA,New York-La Guardia,NY,329.16,383.62,2018
MSP,Minneapolis,MN,372.21,433.79,2018
PHL,Philadelphia,PA,379.26,442.01,2018
IAH,Houston-Intercontinental,TX,413.66,482.11,2018
SAN,San Diego,CA,326.66,380.71,2018
DTW,Detroit,MI,373.37,435.15,2018
FLL,Fort Lauderdale,FL,245.35,285.95,2018
DCA,Washington-Reagan National,DC,357.42,416.56,2018
TPA,Tampa,FL,308.88,359.98,2018
MIA,Miami,FL,319.52,372.39,2018
AUS,Austin,TX,341.51,398.01,2018
BWI,Baltimore,MD,318.44,371.12,2018
PDX,Portland,OR,329.09,383.54,2018
SLC,Salt Lake City,UT,359.45,418.93,2018
BNA,Nashville,TN,350.04,407.96,2018
CLT,Charlotte,NC,425.77,496.22,2018
SMF,Sacramento,CA,339.37,395.52,2018
RDU,Raleigh/Durham,NC,344.17,401.11,2018
MDW,Chicago-Midway,IL,305.63,356.19,2018
HNL,Honolulu,HI,374.36,436.31,2018
STL,St. Louis,MO,363.48,423.62,2018
SJC,San Jose,CA,298.98,348.44,2018
OAK,Oakland,CA,287.64,335.24,2018
DAL,Dallas-Love Field,TX,303.32,353.51,2018
SNA,Santa Ana,CA,372.27,433.87,2018
MCI,Kansas City,MO,348.32,405.95,2018
MSY,New Orleans,LA,301.66,351.57,2018
CLE,Cleveland,OH,319.8,372.71,2018
IAD,Washington-Dulles,DC,427.37,498.08,2018
IND,Indianapolis,IN,346.15,403.42,2018
SJU,San Juan,PR,274.87,320.35,2018
SAT,San Antonio,TX,356.41,415.38,2018
PIT,Pittsburgh,PA,349.92,407.82,2018
CVG,Cincinnati,OH,320.78,373.86,2018
CMH,Columbus,OH,357.79,416.99,2018
HOU,Houston-Hobby,TX,338.79,394.84,2018
RSW,Fort Myers,FL,311.75,363.33,2018
BDL,Hartford,CT,373.67,435.5,2018
ONT,Ontario,CA,331.9,386.82,2018
JAX,Jacksonville,FL,360.52,420.17,2018
MKE,Milwaukee,WI,335.88,391.45,2018
BUR,Burbank,CA,267.28,311.5,2018
PBI,West Palm Beach/Palm Beach,FL,334.01,389.28,2018
OMA,Omaha,NE,356.55,415.54,2018
MEM,Memphis,TN,391.89,456.73,2018
RIC,Richmond,VA,402.18,468.72,2018
BOI,Boise,ID,345.49,402.65,2018
CHS,Charleston,SC,355.8,414.67,2018
BUF,Buffalo,NY,306.52,357.24,2018
ORF,Norfolk,VA,408.45,476.04,2018
ABQ,Albuquerque,NM,345.6,402.78,2018
OGG,Kahului,HI,298.09,347.41,2018
ELP,El Paso,TX,373.13,434.87,2018
GRR,Grand Rapids,MI,387.58,451.71,2018
OKC,Oklahoma City,OK,385.68,449.5,2018
SDF,Louisville,KY,387.1,451.15,2018
ANC,Anchorage,AK,450.53,525.07,2018
GEG,Spokane,WA,345.39,402.54,2018
RNO,Reno,NV,346.57,403.91,2018
PVD,Providence,RI,322.43,375.78,2018
TUS,Tucson,AZ,391.47,456.24,2018
DSM,Des Moines,IA,379.37,442.14,2018
LGB,Long Beach,CA,215.62,251.3,2018
TUL,Tulsa,OK,394.23,459.46,2018
SYR,Syracuse,NY,385.92,449.78,2018
SRQ,Sarasota/Bradenton,FL,405.06,472.08,2018
ALB,Albany,NY,399.22,465.28,2018
BHM,Birmingham,AL,443.54,516.93,2018
SAV,Savannah,GA,377.74,440.24,2018
ROC,Rochester,NY,363.07,423.15,2018
KOA,Kona,HI,299.37,348.91,2018
TYS,Knoxville,TN,448.12,522.27,2018
MYR,Myrtle Beach,SC,268.41,312.82,2018
PNS,Pensacola,FL,429.64,500.72,2018
GSP,Greenville-Spartanburg,SC,419.69,489.13,2018
COS,Colorado Springs,CO,352.21,410.49,2018
HPN,White Plains,NY,415.37,484.09,2018
LIH,Lihue,HI,274.37,319.77,2018
FAT,Fresno,CA,417.48,486.56,2018
LIT,Little Rock,AR,425.19,495.54,2018
MSN,Madison,WI,461.73,538.12,2018
PWM,Portland,ME,363.81,424.0,2018
PSP,Palm Springs,CA,390.57,455.19,2018
BZN,Bozeman,MT,459.33,535.33,2018
SFB,Sanford,FL,122.74,143.05,2018
PIE,St. Petersburg,FL,128.05,149.24,2018
AVL,Asheville,NC,359.64,419.15,2018
LAX,Los Angeles,CA,356.56,408.16,2019
ORD,Chicago-O'Hare,IL,344.89,394.8,2019
DEN,Denver,CO,300.48,343.97,2019
ATL,Atlanta,GA,370.49,424.1,2019
EWR,Newark,NJ,407.21,466.14,2019
BOS,Boston,MA,337.73,386.61,2019
SEA,Seattle,WA,336.51,385.21,2019
MCO,Orlando,FL,251.75,288.18,2019
DFW,Dallas-DFW,TX,402.57,460.83,2019
PHX,Phoenix,AZ,348.77,399.25,2019
SFO,San Francisco,CA,397.16,454.64,2019
JFK,New York-JFK,NY,402.31,460.53,2019
LAS,Las Vegas,NV,243.05,278.22,2019
LGA,New York-La Guardia,NY,334.38,382.77,2019
MSP,Minneapolis,MN,367.09,420.21,2019
PHL,Philadelphia,PA,370.65,424.29,2019
IAH,Houston-Intercontinental,TX,406.9,465.78,2019
SAN,San Diego,CA,327.6,375.01,2019
DTW,Detroit,MI,378.03,432.74,2019
FLL,Fort Lauderdale,FL,257.61,294.89,2019
DCA,Washington-Reagan National,DC,372.2,426.06,2019
TPA,Tampa,FL,308.48,353.12,2019
MIA,Miami,FL,335.34,383.87,2019
AUS,Austin,TX,339.52,388.65,2019
BWI,Baltimore,MD,324.64,371.62,2019
PDX,Portland,OR,338.41,387.39,2019
SLC,Salt Lake City,UT,376.25,430.7,2019
BNA,Nashville,TN,336.26,384.92,2019
CLT,Charlotte,NC,411.88,471.48,2019
SMF,Sacramento,CA,334.84,383.3,2019
RDU,Raleigh/Durham,NC,329.6,377.29,2019
MDW,Chicago-Midway,IL,310.71,355.68,2019
HNL,Honolulu,HI,343.89,393.66,2019
STL,St. Louis,MO,367.13,420.26,2019
SJC,San Jose,CA,295.91,338.73,2019
OAK,Oakland,CA,295.91,338.73,2019
DAL,Dallas-Love Field,TX,319.69,365.95,2019
SNA,Santa Ana,CA,384.67,440.33,2019
MCI,Kansas City,MO,365.0,417.82,2019
MSY,New Orleans,LA,295.42,338.17,2019
CLE,Cleveland,OH,316.18,361.93,2019
IAD,Washington-Dulles,DC,456.06,522.06,2019
IND,Indianapolis,IN,360.7,412.9,2019
SJU,San Juan,PR,281.33,322.04,2019
SAT,San Antonio,TX,358.86,410.8,2019
PIT,Pittsburgh,PA,355.88,407.38,2019
CVG,Cincinnati,OH,327.66,375.08,2019
CMH,Columbus,OH,359.4,411.41,2019
HOU,Houston-Hobby,TX,339.28,388.38,2019
RSW,Fort Myers,FL,307.17,351.62,2019
BDL,Hartford,CT,377.71,432.37,2019
ONT,Ontario,CA,335.0,383.48,2019
JAX,Jacksonville,FL,340.54,389.82,2019
MKE,Milwaukee,WI,348.61,399.05,2019
BUR,Burbank,CA,279.28,319.69,2019
PBI,West Palm Beach/Palm Beach,FL,337.61,386.47,2019
OMA,Omaha,NE,369.9,423.43,2019
MEM,Memphis,TN,386.02,441.89,2019
RIC,Richmond,VA,393.69,450.66,2019
BOI,Boise,ID,351.11,401.92,2019
CHS,Charleston,SC,353.36,404.5,2019
BUF,Buffalo,NY,316.21,361.98,2019
ORF,Norfolk,VA,401.16,459.21,2019
ABQ,Albuquerque,NM,368.31,421.61,2019
OGG,Kahului,HI,273.27,312.82,2019
ELP,El Paso,TX,374.29,428.46,2019
GRR,Grand Rapids,MI,374.78,429.02,2019
OKC,Oklahoma City,OK,389.49,445.86,2019
SDF,Louisville,KY,379.19,434.06,2019
ANC,Anchorage,AK,449.73,514.81,2019
GEG,Spokane,WA,353.36,404.5,2019
RNO,Reno,NV,346.56,396.71,2019
PVD,Providence,RI,337.59,386.44,2019
TUS,Tucson,AZ,388.44,444.65,2019
DSM,Des Moines,IA,381.76,437.0,2019
LGB,Long Beach,CA,231.61,265.13,2019
TUL,Tulsa,OK,402.55,460.81,2019
SYR,Syracuse,NY,357.39,409.11,2019
SRQ,Sarasota/Bradenton,FL,353.07,404.16,2019
ALB,Albany,NY,386.14,442.02,2019
BHM,Birmingham,AL,444.62,508.97,2019
SAV,Savannah,GA,365.39,418.26,2019
ROC,Rochester,NY,365.85,418.8,2019
KOA,Kona,HI,269.9,308.96,2019
TYS,Knoxville,TN,401.84,459.99,2019
MYR,Myrtle Beach,SC,263.35,301.46,2019
PNS,Pensacola,FL,411.23,470.74,2019
GSP,Greenville-Spartanburg,SC,403.71,462.13,2019
COS,Colorado Springs,CO,383.22,438.68,2019
HPN,White Plains,NY,404.8,463.39,2019
LIH,Lihue,HI,270.21,309.31,2019
FAT,Fresno,CA,405.17,463.8,2019
LIT,Little Rock,AR,416.44,476.71,2019
MSN,Madison,WI,441.83,505.77,2019
PWM,Portland,ME,367.29,420.44,2019
PSP,Palm Springs,CA,372.76,426.7,2019
BZN,Bozeman,MT,414.06,473.98,2019
SFB,Sanford,FL,123.24,141.08,2019
PIE,St. Petersburg,FL,128.55,147.15,2019
AVL,Asheville,NC,309.95,354.81,2019
LAX,Los Angeles,CA,291.59,329.72,2020
ORD,Chicago-O'Hare,IL,276.92,313.13,2020
DEN,Denver,CO,252.89,285.96,2020
ATL,Atlanta,GA,299.23,338.36,2020
EWR,Newark,NJ,305.94,345.95,2020
BOS,Boston,MA,290.54,328.53,2020
SEA,Seattle,WA,287.04,324.58,2020
MCO,Orlando,FL,215.74,243.96,2020
DFW,Dallas-DFW,TX,323.76,366.09,2020
PHX,Phoenix,AZ,280.89,317.62,2020
SFO,San Francisco,CA,338.28,382.52,2020
JFK,New York-JFK,NY,344.35,389.38,2020
LAS,Las Vegas,NV,210.13,237.6,2020
LGA,New York-La Guardia,NY,279.91,316.52,2020
MSP,Minneapolis,MN,314.42,355.53,2020
PHL,Philadelphia,PA,293.15,331.48,2020
IAH,Houston-Intercontinental,TX,324.51,366.94,2020
SAN,San Diego,CA,282.96,319.97,2020
DTW,Detroit,MI,313.78,354.81,2020
FLL,Fort Lauderdale,FL,214.33,242.36,2020
DCA,Washington-Reagan National,DC,315.73,357.02,2020
TPA,Tampa,FL,258.94,292.8,2020
MIA,Miami,FL,265.82,300.58,2020
AUS,Austin,TX,285.64,322.99,2020
BWI,Baltimore,MD,267.48,302.45,2020
PDX,Portland,OR,289.01,326.8,2020
SLC,Salt Lake City,UT,329.56,372.66,2020
BNA,Nashville,TN,271.04,306.49,2020
CLT,Charlotte,NC,335.27,379.11,2020
SMF,Sacramento,CA,282.8,319.78,2020
RDU,Raleigh/Durham,NC,288.82,326.58,2020
MDW,Chicago-Midway,IL,234.64,265.32,2020
HNL,Honolulu,HI,296.31,335.05,2020
STL,St. Louis,MO,301.17,340.56,2020
SJC,San Jose,CA,256.71,290.27,2020
OAK,Oakland,CA,250.02,282.72,2020
DAL,Dallas-Love Field,TX,259.47,293.4,2020
SNA,Santa Ana,CA,325.27,367.81,2020
MCI,Kansas City,MO,308.82,349.2,2020
MSY,New Orleans,LA,253.71,286.89,2020
CLE,Cleveland,OH,256.61,290.16,2020
IAD,Washington-Dulles,DC,379.19,428.78,2020
IND,Indianapolis,IN,286.55,324.02,2020
SJU,San Juan,PR,207.74,234.91,2020
SAT,San Antonio,TX,311.92,352.71,2020
PIT,Pittsburgh,PA,292.82,331.11,2020
CVG,Cincinnati,OH,266.05,300.84,2020
CMH,Columbus,OH,300.08,339.32,2020
HOU,Houston-Hobby,TX,269.28,304.5,2020
RSW,Fort Myers,FL,258.39,292.18,2020
BDL,Hartford,CT,312.68,353.57,2020
ONT,Ontario,CA,286.54,324.01,2020
JAX,Jacksonville,FL,305.89,345.89,2020
MKE,Milwaukee,WI,302.28,341.81,2020
BUR,Burbank,CA,250.21,282.93,2020
PBI,West Palm Beach/Palm Beach,FL,291.9,330.08,2020
OMA,Omaha,NE,307.78,348.03,2020
MEM,Memphis,TN,302.55,342.12,2020
RIC,Richmond,VA,319.54,361.33,2020
BOI,Boise,ID,291.75,329.91,2020
CHS,Charleston,SC,303.39,343.07,2020
BUF,Buffalo,NY,289.22,327.04,2020
ORF,Norfolk,VA,330.4,373.6,2020
ABQ,Albuquerque,NM,295.48,334.12,2020
OGG,Kahului,HI,260.14,294.15,2020
ELP,El Paso,TX,304.21,343.99,2020
GRR,Grand Rapids,MI,294.91,333.48,2020
OKC,Oklahoma City,OK,311.12,351.8,2020
SDF,Louisville,KY,304.49,344.31,2020
ANC,Anchorage,AK,422.21,477.42,2020
GEG,Spokane,WA,297.76,336.69,2020
RNO,Reno,NV,295.83,334.52,2020
PVD,Providence,RI,283.06,320.08,2020
TUS,Tucson,AZ,311.91,352.69,2020
DSM,Des Moines,IA,303.32,342.98,2020
LGB,Long Beach,CA,210.01,237.48,2020
TUL,Tulsa,OK,314.39,355.51,2020
SYR,Syracuse,NY,315.61,356.88,2020
SRQ,Sarasota/Bradenton,FL,277.4,313.67,2020
ALB,Albany,NY,322.0,364.11,2020
BHM,Birmingham,AL,345.79,391.01,2020
SAV,Savannah,GA,335.95,379.88,2020
ROC,Rochester,NY,321.74,363.81,2020
KOA,Kona,HI,251.88,284.82,2020
TYS,Knoxville,TN,328.57,371.53,2020
MYR,Myrtle Beach,SC,254.55,287.84,2020
PNS,Pensacola,FL,313.95,355.01,2020
GSP,Greenville-Spartanburg,SC,333.03,376.58,2020
COS,Colorado Springs,CO,333.03,376.58,2020
HPN,White Plains,NY,357.56,404.32,2020
LIH,Lihue,HI,236.2,267.09,2020
FAT,Fresno,CA,335.31,379.16,2020
LIT,Little Rock,AR,320.37,362.26,2020
MSN,Madison,WI,361.62,408.91,2020
PWM,Portland,ME,306.21,346.25,2020
PSP,Palm Springs,CA,329.29,372.35,2020
BZN,Bozeman,MT,351.82,397.83,2020
SFB,Sanford,FL,105.49,119.28,2020
PIE,St. Petersburg,FL,107.16,121.18,2020
AVL,Asheville,NC,257.67,291.36,2020
LAX,Los Angeles,CA,322.2,347.99,2021
ORD,Chicago-O'Hare,IL,284.93,307.74,2021
DEN,Denver,CO,271.37,293.09,2021
ATL,Atlanta,GA,303.74,328.05,2021
EWR,Newark,NJ,313.97,339.1,2021
BOS,Boston,MA,329.44,355.81,2021
SEA,Seattle,WA,308.81,333.52,2021
MCO,Orlando,FL,220.15,237.77,2021
DFW,Dallas-DFW,TX,319.66,345.25,2021
PHX,Phoenix,AZ,292.23,315.62,2021
SFO,San Francisco,CA,388.38,419.46,2021
JFK,New York-JFK,NY,338.82,365.94,2021
LAS,Las Vegas,NV,230.91,249.39,2021
LGA,New York-La Guardia,NY,283.63,306.33,2021
MSP,Minneapolis,MN,305.72,330.19,2021
PHL,Philadelphia,PA,307.58,332.19,2021
IAH,Houston-Intercontinental,TX,324.59,350.57,2021
SAN,San Diego,CA,329.02,355.35,2021
DTW,Detroit,MI,326.08,352.17,2021
FLL,Fort Lauderdale,FL,213.98,231.1,2021
DCA,Washington-Reagan National,DC,323.64,349.54,2021
TPA,Tampa,FL,257.98,278.63,2021
MIA,Miami,FL,249.76,269.75,2021
AUS,Austin,TX,297.83,321.66,2021
BWI,Baltimore,MD,292.32,315.71,2021
PDX,Portland,OR,338.02,365.07,2021
SLC,Salt Lake City,UT,332.65,359.27,2021
BNA,Nashville,TN,280.65,303.12,2021
CLT,Charlotte,NC,338.36,365.44,2021
SMF,Sacramento,CA,323.47,349.36,2021
RDU,Raleigh/Durham,NC,299.39,323.35,2021
MDW,Chicago-Midway,IL,248.51,268.4,2021
HNL,Honolulu,HI,328.61,354.91,2021
STL,St. Louis,MO,308.38,333.06,2021
SJC,San Jose,CA,305.14,329.56,2021
OAK,Oakland,CA,271.7,293.45,2021
DAL,Dallas-Love Field,TX,261.87,282.83,2021
SNA,Santa Ana,CA,315.29,340.52,2021
MCI,Kansas City,MO,325.37,351.4,2021
MSY,New Orleans,LA,269.02,290.55,2021
CLE,Cleveland,OH,277.69,299.91,2021
IAD,Washington-Dulles,DC,397.9,429.75,2021
IND,Indianapolis,IN,308.82,333.54,2021
SJU,San Juan,PR,236.73,255.67,2021
SAT,San Antonio,TX,329.84,356.23,2021
PIT,Pittsburgh,PA,312.33,337.32,2021
CVG,Cincinnati,OH,286.19,309.09,2021
CMH,Columbus,OH,314.97,340.18,2021
HOU,Houston-Hobby,TX,275.28,297.31,2021
RSW,Fort Myers,FL,264.91,286.11,2021
BDL,Hartford,CT,327.86,354.1,2021
ONT,Ontario,CA,302.28,326.48,2021
JAX,Jacksonville,FL,315.67,340.93,2021
MKE,Milwaukee,WI,322.23,348.02,2021
BUR,Burbank,CA,254.99,275.4,2021
PBI,West Palm Beach/Palm Beach,FL,294.01,317.54,2021
OMA,Omaha,NE,331.97,358.54,2021
MEM,Memphis,TN,318.75,344.26,2021
RIC,Richmond,VA,325.59,351.65,2021
BOI,Boise,ID,304.44,328.81,2021
CHS,Charleston,SC,298.19,322.05,2021
BUF,Buffalo,NY,310.62,335.48,2021
ORF,Norfolk,VA,351.41,379.53,2021
ABQ,Albuquerque,NM,345.54,373.19,2021
OGG,Kahului,HI,274.25,296.2,2021
ELP,El Paso,TX,331.05,357.55,2021
GRR,Grand Rapids,MI,322.06,347.84,2021
OKC,Oklahoma City,OK,339.46,366.63,2021
SDF,Louisville,KY,306.5,331.02,2021
ANC,Anchorage,AK,406.48,439.01,2021
GEG,Spokane,WA,323.36,349.24,2021
RNO,Reno,NV,308.18,332.85,2021
PVD,Providence,RI,324.0,349.92,2021
TUS,Tucson,AZ,347.36,375.16,2021
DSM,Des Moines,IA,322.8,348.63,2021
LGB,Long Beach,CA,254.83,275.22,2021
TUL,Tulsa,OK,339.17,366.32,2021
SYR,Syracuse,NY,348.61,376.51,2021
SRQ,Sarasota/Bradenton,FL,263.13,284.19,2021
ALB,Albany,NY,356.51,385.04,2021
BHM,Birmingham,AL,374.05,403.98,2021
SAV,Savannah,GA,306.54,331.07,2021
ROC,Rochester,NY,348.33,376.21,2021
KOA,Kona,HI,268.52,290.01,2021
TYS,Knoxville,TN,354.86,383.26,2021
MYR,Myrtle Beach,SC,222.59,240.41,2021
PNS,Pensacola,FL,318.01,343.46,2021
GSP,Greenville-Spartanburg,SC,362.69,391.72,2021
COS,Colorado Springs,CO,312.13,337.11,2021
HPN,White Plains,NY,335.62,362.48,2021
LIH,Lihue,HI,259.76,280.55,2021
FAT,Fresno,CA,337.86,364.89,2021
LIT,Little Rock,AR,343.51,371.01,2021
MSN,Madison,WI,394.96,426.57,2021
PWM,Portland,ME,334.18,360.92,2021
PSP,Palm Springs,CA,321.33,347.05,2021
BZN,Bozeman,MT,320.16,345.79,2021
SFB,Sanford,FL,119.55,129.12,2021
PIE,St. Petersburg,FL,125.31,135.34,2021
AVL,Asheville,NC,271.61,293.35,2021
LAX,Los Angeles,CA,416.64,416.64,2022
ORD,Chicago-O'Hare,IL,373.01,373.01,2022
DEN,Denver,CO,341.22,341.22,2022
ATL,Atlanta,GA,393.8,393.8,2022
EWR,Newark,NJ,403.22,403.22,2022
BOS,Boston,MA,386.07,386.07,2022
SEA,Seattle,WA,409.84,409.84,2022
MCO,Orlando,FL,273.35,273.35,2022
DFW,Dallas-DFW,TX,420.36,420.36,2022
PHX,Phoenix,AZ,372.62,372.62,2022
SFO,San Francisco,CA,456.86,456.86,2022
JFK,New York-JFK,NY,416.17,416.17,2022
LAS,Las Vegas,NV,264.24,264.24,2022
LGA,New York-La Guardia,NY,318.49,318.49,2022
MSP,Minneapolis,MN,408.51,408.51,2022
PHL,Philadelphia,PA,396.79,396.79,2022
IAH,Houston-Intercontinental,TX,400.73,400.73,2022
SAN,San Diego,CA,378.16,378.16,2022
DTW,Detroit,MI,425.35,425.35,2022
FLL,Fort Lauderdale,FL,271.78,271.78,2022
DCA,Washington-Reagan National,DC,379.01,379.01,2022
TPA,Tampa,FL,328.84,328.84,2022
MIA,Miami,FL,322.89,322.89,2022
AUS,Austin,TX,362.92,362.92,2022
BWI,Baltimore,MD,351.26,351.26,2022
PDX,Portland,OR,425.35,425.35,2022
SLC,Salt Lake City,UT,420.3,420.3,2022
BNA,Nashville,TN,346.47,346.47,2022
CLT,Charlotte,NC,444.42,444.42,2022
SMF,Sacramento,CA,367.64,367.64,2022
RDU,Raleigh/Durham,NC,381.63,381.63,2022
MDW,Chicago-Midway,IL,303.05,303.05,2022
HNL,Honolulu,HI,348.33,348.33,2022
STL,St. Louis,MO,373.76,373.76,2022
SJC,San Jose,CA,325.94,325.94,2022
OAK,Oakland,CA,288.23,288.23,2022
DAL,Dallas-Love Field,TX,329.47,329.47,2022
SNA,Santa Ana,CA,382.37,382.37,2022
MCI,Kansas City,MO,394.88,394.88,2022
MSY,New Orleans,LA,320.25,320.25,2022
CLE,Cleveland,OH,343.09,343.09,2022
IAD,Washington-Dulles,DC,494.78,494.78,2022
IND,Indianapolis,IN,391.94,391.94,2022
SJU,San Juan,PR,299.03,299.03,2022
SAT,San Antonio,TX,390.39,390.39,2022
PIT,Pittsburgh,PA,382.66,382.66,2022
CVG,Cincinnati,OH,368.71,368.71,2022
CMH,Columbus,OH,391.7,391.7,2022
HOU,Houston-Hobby,TX,328.64,328.64,2022
RSW,Fort Myers,FL,337.43,337.43,2022
BDL,Hartford,CT,371.32,371.32,2022
ONT,Ontario,CA,364.1,364.1,2022
JAX,Jacksonville,FL,386.95,386.95,2022
MKE,Milwaukee,WI,391.14,391.14,2022
BUR,Burbank,CA,278.32,278.32,2022
PBI,West Palm Beach/Palm Beach,FL,363.54,363.54,2022
OMA,Omaha,NE,413.97,413.97,2022
MEM,Memphis,TN,393.48,393.48,2022
RIC,Richmond,VA,401.11,401.11,2022
BOI,Boise,ID,388.0,388.0,2022
CHS,Charleston,SC,352.45,352.45,2022
BUF,Buffalo,NY,339.3,339.3,2022
ORF,Norfolk,VA,416.81,416.81,2022
ABQ,Albuquerque,NM,405.15,405.15,2022
OGG,Kahului,HI,269.43,269.43,2022
ELP,El Paso,TX,382.47,382.47,2022
GRR,Grand Rapids,MI,404.17,404.17,2022
OKC,Oklahoma City,OK,423.91,423.91,2022
SDF,Louisville,KY,390.42,390.42,2022
ANC,Anchorage,AK,508.24,508.24,2022
GEG,Spokane,WA,415.4,415.4,2022
RNO,Reno,NV,382.17,382.17,2022
PVD,Providence,RI,355.8,355.8,2022
TUS,Tucson,AZ,433.83,433.83,2022
DSM,Des Moines,IA,377.66,377.66,2022
LGB,Long Beach,CA,277.08,277.08,2022
TUL,Tulsa,OK,409.97,409.97,2022
SYR,Syracuse,NY,385.56,385.56,2022
SRQ,Sarasota/Bradenton,FL,323.61,323.61,2022
ALB,Albany,NY,415.46,415.46,2022
BHM,Birmingham,AL,476.69,476.69,2022
SAV,Savannah,GA,378.67,378.67,2022
ROC,Rochester,NY,378.49,378.49,2022
KOA,Kona,HI,267.18,267.18,2022
TYS,Knoxville,TN,448.99,448.99,2022
MYR,Myrtle Beach,SC,261.04,261.04,2022
PNS,Pensacola,FL,436.09,436.09,2022
GSP,Greenville-Spartanburg,SC,478.07,478.07,2022
COS,Colorado Springs,CO,375.83,375.83,2022
HPN,White Plains,NY,381.76,381.76,2022
LIH,Lihue,HI,242.27,242.27,2022
FAT,Fresno,CA,435.82,435.82,2022
LIT,Little Rock,AR,436.09,436.09,2022
MSN,Madison,WI,512.12,512.12,2022
PWM,Portland,ME,413.03,413.03,2022
PSP,Palm Springs,CA,393.17,393.17,2022
BZN,Bozeman,MT,427.6,427.6,2022
SFB,Sanford,FL,147.58,147.58,2022
PIE,St. Petersburg,FL,146.34,146.34,2022
AVL,Asheville,NC,324.94,324.94,2022
